{
  "surg": {
    "ВПЧ ВКР 16 ": 0.0017997328067990389,
    "ВПЧ 18": 0.004222254260751145,
    "ВПЧ 31": 0.0048348643993243534,
    "ВПЧ 33": 0.002046181276762083,
    "ВПЧ 35": 0.0,
    "ВПЧ 39": 0.0023356539279294213,
    "ВПЧ 45": 0.0,
    "ВПЧ 51": 0.0,
    "ВПЧ 52": 0.008575531520126,
    "ВПЧ 53": 0.002821582910636609,
    "ВПЧ 56": 0.0,
    "ВПЧ 58": 0.0,
    "ВПЧ 59": 0.001253320556528921,
    "ВПЧ 68": 0.0,
    "ВПЧ 66": 0.002933893080975225,
    "кол-во типов у 1-ой пациентки": 0.035049057292126394,
    "ВПЧ НКР 6": 0.007419076075584488,
    " ВПЧ 11": 0.0,
    "ВПЧ 42": 0.0,
    "ВПЧ 43": 0.0,
    "ВПЧ 44": 0.0,
    "ВПЧ 73": 0.0,
    "Lactobacillus spp.": 0.023630757948450862,
    "Сем. Enterobacteriaceae": 0.007432333243158711,
    "Streptococcus spp.": 0.025566698931945527,
    "Staphylococcus spp.": 0.03245894001093937,
    "Gardnerella vaginalis+Prevotella bivia+Porphyromonas spp.": 0.023131937505926507,
    "Eubacterium spp.": 0.023446204576894825,
    "Sneathia spp.+Leptotrichia spp.+Fusobacterium spp.": 0.0,
    "Megasphaera spp.+Veillonella spp.+Dialister spp.": 0.02430200689806469,
    "Lachnobacterium spp.+Clostridium spp.": 0.03857288531046354,
    "Mobiluncus spp.+Corynebacterium spp.": 0.027183143612058664,
    "Peptostreptococcus spp.": 0.009694556670425151,
    "Atobium vaginae": 0.01624999790273716,
    "Candida spp.": 0.003337653461680368,
    "Mycoplasma hominis": 0.0011485959779557228,
    "Ureaplasma (urealyticum+parvum)": 0.07877373645459955,
    "Mycoplasma genitalium": 0.0,
    "Lactobac. spp. % (относительный)": 0.07415679476420385,
    "Lactobac. spp. Снижено": 0.003142655997745394,
    "NILM": 0.0,
    "LSIL Перинуклеарная зона просветления \"гало\"": 0.0014879762365941586,
    "Амфофилия цитоплазмы": 0.001081151679367182,
    "Двуядерность": 0.003959960839148478,
    "Койлоциты": 0.0,
    "Ядра обычного размера или слегка увеличены": 0.008517770714337491,
    "LSIL ЯЦО увеличено (легк дисп)": 0.0017016446171853321,
    "Размер ядра > 3 (легк дисп)": 0.006730368510619618,
    "Контур ядерной мембраны неровный (легк дисп)": 0.0008218537472602647,
    "Хроматин грубый, неравномерно распределен (легк дисп)": 0.00649672487941958,
    "ASCUS (ЯЦО увеличено)": 0.0,
    "Контур ядерной мембраны ровный или неровный": 0.0,
    "Хроматин распределен равномерно или неравномерно": 0.0,
    "Гиперхромные ядра": 0.0,
    "Многоядерность": 0.0,
    "НКК": 0.0,
    "Тонкий АЦЭ": 0.011886313141627969,
    "Нежная мозаика": 0.003668297925621981,
    "Нежная пунктация": 0.017139832288064875,
    "Плотный АЦЭ": 0.010314545339897563,
    "Быстрое побеление": 0.0056722887597930195,
    "АЦЭ плотный обод": 0.03351656129171828,
    "Грубая мозаика": 0.0,
    "Грубая пунктация": 0.014740590196513956,
    "Внутри поражения - кон": 0.023519733511753415,
    "Признак бугристости": 0.003953769643670947,
    "Лейкоплакия": 0.0,
    "Эрозия": 0.0,
    "Окрашивание Люголем ": 0.0,
    "Возраст": 0.023286478931360467,
    "ИМТ": 0.08059082606927458,
    "Забол.ЖКТ": 0.004980153493322778,
    "геморрой": 0.03812846877542444,
    "Забол.МВС": 0.020087097267583766,
    "рецидивирующий цистит": 0.014592555457225756,
    "фиброаденома МЖ": 0.007588891427443219,
    "анемия": 0.003799775659358943,
    "Курение": 0.022330324286644658,
    "возраст начала половой жизни": 0.046113123388193976,
    "Возраст Менархе": 0.021156292396161368,
    "Пролжительность менструации": 0.03766263095759331,
    "Болезненность": 0.004645571512016715,
    "обильные": 0.003338440288506732,
    "КОК в анамнезе": 0.01649563903412814,
    "ВМС": 0.014474300358373444
  },
  "obs": {
    "ВПЧ ВКР 16 ": 0.0077911895594992685,
    "ВПЧ 18": 0.0009121586329141269,
    "ВПЧ 31": 0.004430324058352953,
    "ВПЧ 33": 0.007753714426814463,
    "ВПЧ 35": 0.0027856227745169334,
    "ВПЧ 39": 0.0018943609608706316,
    "ВПЧ 45": 0.005862916496728663,
    "ВПЧ 51": 0.0,
    "ВПЧ 52": 0.0,
    "ВПЧ 53": 0.0,
    "ВПЧ 56": 0.0,
    "ВПЧ 58": 0.0006533279572501019,
    "ВПЧ 59": 0.0,
    "ВПЧ 68": 0.0,
    "ВПЧ 66": 0.0,
    "кол-во типов у 1-ой пациентки": 0.08285787981503215,
    "ВПЧ НКР 6": 0.0007776688605704175,
    " ВПЧ 11": 0.0012400926813678484,
    "ВПЧ 42": 0.0,
    "ВПЧ 43": 0.0,
    "ВПЧ 44": 0.00550657986655053,
    "ВПЧ 73": 0.0,
    "Lactobacillus spp.": 0.0857911509166525,
    "Сем. Enterobacteriaceae": 0.013934889837230643,
    "Streptococcus spp.": 0.0261621719211477,
    "Staphylococcus spp.": 0.019909364036223703,
    "Gardnerella vaginalis+Prevotella bivia+Porphyromonas spp.": 0.02786291962711947,
    "Eubacterium spp.": 0.043554315038149334,
    "Sneathia spp.+Leptotrichia spp.+Fusobacterium spp.": 0.0,
    "Megasphaera spp.+Veillonella spp.+Dialister spp.": 0.042930505969350274,
    "Lachnobacterium spp.+Clostridium spp.": 0.013848082320243663,
    "Mobiluncus spp.+Corynebacterium spp.": 0.02593911973455011,
    "Peptostreptococcus spp.": 0.01592425219925228,
    "Atobium vaginae": 0.02417673396674517,
    "Candida spp.": 0.005568842171848003,
    "Mycoplasma hominis": 0.00960724310512773,
    "Ureaplasma (urealyticum+parvum)": 0.017036881295213004,
    "Mycoplasma genitalium": 0.0,
    "Lactobac. spp. % (относительный)": 0.05878861741856006,
    "Lactobac. spp. Снижено": 0.003404977989587337,
    "NILM": 0.0,
    "LSIL Перинуклеарная зона просветления \"гало\"": 0.010352203310321237,
    "Амфофилия цитоплазмы": 0.009857825204334918,
    "Двуядерность": 0.02269818888164061,
    "Койлоциты": 0.010522721497748707,
    "Ядра обычного размера или слегка увеличены": 0.0012834612059419042,
    "LSIL ЯЦО увеличено (легк дисп)": 0.0028419821560254598,
    "Размер ядра > 3 (легк дисп)": 0.01162987866891859,
    "Контур ядерной мембраны неровный (легк дисп)": 0.0015925178123181948,
    "Хроматин грубый, неравномерно распределен (легк дисп)": 0.002171463516074606,
    "ASCUS (ЯЦО увеличено)": 0.004379984350018483,
    "Контур ядерной мембраны ровный или неровный": 0.005268108954895629,
    "Хроматин распределен равномерно или неравномерно": 0.003661024187268696,
    "Гиперхромные ядра": 0.0036335285873836456,
    "Многоядерность": 0.005333758614029829,
    "НКК": 0.0,
    "Тонкий АЦЭ": 0.007612222631605697,
    "Нежная мозаика": 0.0013662917379929256,
    "Нежная пунктация": 0.009923986716496278,
    "Плотный АЦЭ": 2.50892453040482e-18,
    "Быстрое побеление": 1.1208738622300568e-18,
    "АЦЭ плотный обод": 0.00102755300929086,
    "Грубая мозаика": 0.0005839839682344758,
    "Грубая пунктация": 8.02162497439478e-19,
    "Внутри поражения - кон": 0.0,
    "Признак бугристости": 0.0,
    "Лейкоплакия": 0.007118105553840587,
    "Эрозия": 0.0,
    "Окрашивание Люголем ": 0.0033801338963312657,
    "Возраст": 0.026576366106611758,
    "ИМТ": 0.0728479531477365,
    "Забол.ЖКТ": 0.00406971562247871,
    "геморрой": 0.003700402338319641,
    "Забол.МВС": 0.017243535499979243,
    "рецидивирующий цистит": 0.034368681431328436,
    "фиброаденома МЖ": 0.02130493394030602,
    "анемия": 0.008803767986953284,
    "Курение": 0.0025808476495914044,
    "возраст начала половой жизни": 0.04887605842908156,
    "Возраст Менархе": 0.02089124847142633,
    "Пролжительность менструации": 0.014023381052373054,
    "Болезненность": 0.02012346079309462,
    "обильные": 0.016631913614390096,
    "КОК в анамнезе": 0.0040230525736376045,
    "ВМС": 0.0007898532445102474
  }
}